County District Number,Chapter 41 District,1994,1995,1996,1997,1998,1999,2000,2001,2002,2003,2004,2005,2006,2007,2008,2009,2010,2011,2012,2013,2014
095901,ABERNATHY ISD,0.00,0.00,0.00,0.00,0.00,0.00,0.00,0.00,0.00,0.00,0.00,0.00,0.00,0.00,0.00,0.00,135969.00,45078.00,159033.00,677695.00,949265.00
180903,ADRIAN ISD,0.00,0.00,0.00,0.00,0.00,0.00,0.00,0.00,0.00,0.00,0.00,0.00,0.00,0.00,0.00,0.00,0.00,0.00,0.00,0.00,0.00
015901,ALAMO HEIGHTS ISD,0.00,0.00,6040396.00,7800541.00,6858081.00,8019473.00,8233540.00,12252467.00,13992993.00,18011366.00,21397078.00,24053911.00,26765946.00,28040436.00,23457045.00,26877065.00,24412347.00,23468400.00,24259803.00,23179031.00,23666021.00
209901,ALBANY ISD,0.00,0.00,0.00,0.00,0.00,0.00,0.00,0.00,0.00,0.00,0.00,0.00,0.00,0.00,0.00,0.00,0.00,0.00,46784.00,28640.00,65112.00
184907,ALEDO ISD,0.00,0.00,0.00,0.00,0.00,0.00,0.00,0.00,0.00,0.00,0.00,0.00,0.00,0.00,0.00,0.00,0.00,1517992.00,3210409.00,843746.00,740207.00
043901,ALLEN ISD,0.00,0.00,0.00,0.00,0.00,0.00,0.00,0.00,0.00,0.00,0.00,0.00,0.00,0.00,0.00,0.00,0.00,0.00,587663.00,318322.00,411310.00
126901,ALVARADO ISD,0.00,0.00,0.00,0.00,0.00,0.00,0.00,0.00,0.00,0.00,0.00,0.00,0.00,0.00,0.00,0.00,0.00,0.00,0.00,0.00,0.00
093901,ANDERSON-SHIRO CISD,0.00,0.00,0.00,0.00,0.00,0.00,0.00,0.00,154523.00,1851565.00,1584310.00,1440682.00,1233043.00,1013698.00,373471.00,325597.00,0.00,0.00,0.00,0.00,0.00
002901,ANDREWS ISD,0.00,7984023.00,1874331.00,0.00,2434373.00,3390568.00,0.00,0.00,0.00,8214846.00,8115908.00,10107270.00,15139623.00,20101479.00,18498412.00,23369258.00,16541476.00,14740834.00,20270429.00,26005557.00,31778369.00
020902,ANGLETON ISD,0.00,0.00,0.00,0.00,0.00,0.00,0.00,0.00,0.00,0.00,0.00,0.00,0.00,0.00,0.00,20008.00,54275.00,0.00,0.00,0.00,0.00
004901,ARANSAS COUNTY ISD,0.00,0.00,0.00,0.00,0.00,0.00,0.00,0.00,0.00,0.00,0.00,946221.00,2856943.00,4888042.00,6639488.00,9056075.00,5214328.00,5822986.00,6324785.00,5308740.00,4471576.00
061910,ARGYLE ISD,0.00,0.00,0.00,0.00,0.00,0.00,0.00,0.00,0.00,0.00,0.00,173232.00,374811.00,990946.00,847473.00,1894919.00,0.00,0.00,580553.00,458391.00,127569.00
212901,ARP ISD,0.00,0.00,0.00,0.00,0.00,0.00,0.00,0.00,0.00,0.00,0.00,0.00,0.00,0.00,0.00,0.00,0.00,0.00,0.00,0.00,0.00
217901,ASPERMONT ISD,0.00,0.00,0.00,0.00,0.00,0.00,0.00,0.00,0.00,0.00,0.00,0.00,0.00,0.00,1104.00,2539.00,9013.00,8954.00,122244.00,654375.00,1103723.00
227901,AUSTIN ISD,0.00,0.00,0.00,0.00,0.00,0.00,0.00,29439939.00,81660775.00,138676169.00,149432032.00,129901263.00,128198620.00,131862974.00,116033475.00,174442542.00,109945487.00,123836040.00,125191679.00,119719527.00,128370304.00
196901,AUSTWELL-TIVOLI ISD,787902.00,571133.00,81626.00,318971.00,373427.00,318815.00,0.00,0.00,104860.00,894911.00,998719.00,2050136.00,3952769.00,4762048.00,2827830.00,2949255.00,2675358.00,2944953.00,2930922.00,3649432.00,3682329.00
220915,AZLE ISD,0.00,0.00,0.00,0.00,0.00,0.00,0.00,0.00,0.00,0.00,0.00,0.00,0.00,0.00,0.00,0.00,0.00,0.00,0.00,0.00,0.00
010902,BANDERA ISD,0.00,0.00,0.00,0.00,0.00,0.00,0.00,0.00,0.00,0.00,0.00,0.00,0.00,0.00,0.00,0.00,20287.00,42705.00,71993.00,74014.00,76798.00
036902,BARBERS HILL ISD,10151501.00,0.00,10794095.00,0.00,12568812.00,13313101.00,12352211.00,11427685.00,12273658.00,10336151.00,9717397.00,10107998.00,10494484.00,14305736.00,12109321.00,13888259.00,7411879.00,4900367.00,4544753.00,9132632.00,10722387.00
123910,BEAUMONT ISD,0.00,0.00,0.00,0.00,0.00,0.00,0.00,0.00,0.00,0.00,0.00,0.00,0.00,0.00,28766.00,0.00,0.00,0.00,0.00,0.00,0.00
183901,BECKVILLE ISD,0.00,526151.00,932773.00,0.00,0.00,1569376.00,1216483.00,1514810.00,1420116.00,2761597.00,2484372.00,2209715.00,3210043.00,4592031.00,3983243.00,3415762.00,3421008.00,2810423.00,2380608.00,1409625.00,408244.00
008901,BELLVILLE ISD,0.00,0.00,0.00,0.00,0.00,0.00,0.00,0.00,0.00,0.00,0.00,0.00,0.00,0.00,0.00,0.00,0.00,0.00,0.00,0.00,31389.00
066901,BENAVIDES ISD,0.00,0.00,0.00,0.00,0.00,0.00,0.00,0.00,0.00,0.00,0.00,0.00,0.00,0.00,0.00,0.00,178018.00,0.00,0.00,0.00,0.00
187901,BIG SANDY ISD,0.00,0.00,0.00,0.00,617008.00,1756217.00,384033.00,752502.00,616110.00,644490.00,437769.00,184122.00,1262838.00,378243.00,0.00,116370.00,0.00,0.00,0.00,0.00,0.00
178902,BISHOP CISD,242007.00,338440.00,36128.00,0.00,0.00,0.00,0.00,0.00,0.00,0.00,0.00,0.00,0.00,0.00,0.00,0.00,0.00,0.00,0.00,0.00,0.00
177903,BLACKWELL CISD,0.00,0.00,0.00,0.00,0.00,0.00,0.00,0.00,0.00,0.00,0.00,0.00,543639.00,1235351.00,4364463.00,6946853.00,4169506.00,1825685.00,1049760.00,920050.00,1139687.00
016902,BLANCO ISD,0.00,0.00,0.00,0.00,0.00,0.00,0.00,0.00,0.00,0.00,0.00,0.00,0.00,0.00,0.00,192838.00,119489.00,238175.00,278414.00,263365.00,262668.00
072904,BLUFF DALE ISD,0.00,0.00,0.00,0.00,0.00,0.00,0.00,0.00,0.00,0.00,94021.00,372565.00,604735.00,700536.00,532104.00,679312.00,491609.00,549300.00,476812.00,404076.00,331094.00
130901,BOERNE ISD,0.00,0.00,0.00,0.00,0.00,0.00,0.00,0.00,0.00,0.00,0.00,1314659.00,3976852.00,5397945.00,5228200.00,9860709.00,7275062.00,7949688.00,10388907.00,8255382.00,7162164.00
148901,BOOKER ISD,0.00,0.00,0.00,0.00,0.00,0.00,0.00,0.00,0.00,0.00,0.00,0.00,0.00,0.00,0.00,0.00,13769.00,36159.00,28698.00,0.00,66955.00
017901,BORDEN COUNTY ISD,1325616.00,753206.00,31012.00,0.00,7250.00,248867.00,0.00,265797.00,404268.00,1469400.00,1253436.00,1667331.00,3181794.00,4807291.00,4198982.00,4883927.00,5137963.00,4307320.00,4028647.00,4147870.00,4292187.00
249902,BOYD ISD,0.00,0.00,0.00,0.00,0.00,0.00,0.00,0.00,0.00,0.00,0.00,0.00,0.00,0.00,356994.00,659434.00,64321.00,452149.00,1203554.00,684603.00,348660.00
008903,BRAZOS ISD,0.00,0.00,0.00,0.00,0.00,0.00,0.00,0.00,0.00,0.00,0.00,0.00,0.00,0.00,0.00,0.00,0.00,0.00,0.00,0.00,0.00
020905,BRAZOSPORT ISD,0.00,0.00,0.00,0.00,0.00,3019449.00,4718188.00,8425109.00,12783114.00,10564907.00,13150753.00,15289073.00,13860086.00,12373223.00,7901992.00,10123233.00,1502309.00,1228316.00,1221561.00,1078657.00,1124742.00
215901,BRECKENRIDGE ISD,0.00,0.00,0.00,0.00,0.00,0.00,0.00,0.00,0.00,0.00,0.00,0.00,0.00,0.00,0.00,0.00,0.00,0.00,0.00,0.00,0.00
198901,BREMOND ISD,0.00,4406232.00,4015533.00,3000382.00,2224274.00,1420418.00,799651.00,641316.00,384555.00,635639.00,0.00,0.00,0.00,0.00,0.00,2052505.00,1467712.00,1000692.00,190443.00,372272.00,0.00
249903,BRIDGEPORT ISD,0.00,0.00,0.00,0.00,0.00,0.00,0.00,0.00,0.00,0.00,0.00,0.00,0.00,0.00,104033.00,846777.00,186996.00,187689.00,219253.00,253596.00,281186.00
184909,BROCK ISD,0.00,0.00,0.00,0.00,0.00,0.00,0.00,0.00,0.00,0.00,0.00,0.00,0.00,0.00,0.00,0.00,0.00,1981.00,94965.00,39494.00,69424.00
121902,BROOKELAND ISD,0.00,0.00,0.00,0.00,0.00,0.00,0.00,0.00,0.00,0.00,0.00,0.00,0.00,0.00,0.00,0.00,0.00,0.00,0.00,0.00,0.00
024901,BROOKS COUNTY ISD,0.00,0.00,0.00,0.00,0.00,0.00,0.00,0.00,0.00,0.00,0.00,0.00,0.00,1125256.00,2252965.00,1073216.00,116696.00,84104.00,63727.00,7771.00,0.00
223901,BROWNFIELD ISD,0.00,0.00,0.00,0.00,0.00,0.00,0.00,0.00,0.00,0.00,0.00,0.00,0.00,0.00,0.00,0.00,0.00,0.00,0.00,99075.00,214726.00
119901,BRYSON ISD,0.00,0.00,0.00,0.00,0.00,0.00,0.00,0.00,0.00,0.00,0.00,0.00,0.00,0.00,0.00,0.00,0.00,439311.00,0.00,0.00,0.00
186901,BUENA VISTA ISD,0.00,451084.00,106640.00,135062.00,0.00,0.00,0.00,0.00,26600.00,953725.00,1314506.00,1398388.00,1684590.00,1736579.00,1251032.00,1613293.00,1317464.00,975889.00,1008698.00,1953924.00,1633382.00
145901,BUFFALO ISD,0.00,0.00,0.00,0.00,0.00,0.00,0.00,0.00,0.00,0.00,0.00,0.00,0.00,0.00,0.00,0.00,0.00,0.00,0.00,0.00,0.00
176901,BURKEVILLE ISD,0.00,0.00,0.00,0.00,0.00,0.00,0.00,0.00,0.00,0.00,0.00,0.00,0.00,0.00,0.00,0.00,0.00,0.00,0.00,0.00,35645.00
027903,BURNET CISD,0.00,0.00,0.00,0.00,0.00,0.00,0.00,0.00,0.00,0.00,0.00,0.00,0.00,0.00,0.00,0.00,0.00,0.00,0.00,0.00,0.00
239903,BURTON ISD,0.00,0.00,0.00,0.00,0.00,0.00,0.00,0.00,0.00,0.00,0.00,0.00,1005559.00,1380996.00,1023947.00,1186326.00,1125601.00,828912.00,1026861.00,902364.00,764100.00
188904,BUSHLAND ISD,0.00,798483.00,607089.00,352745.00,0.00,285556.00,0.00,979896.00,613146.00,1304790.00,1529682.00,1843375.00,2508208.00,2769178.00,1771742.00,1621702.00,437335.00,28659.00,295647.00,73774.00,182006.00
029901,CALHOUN COUNTY ISD,0.00,0.00,2513441.00,0.00,4750940.00,16470487.00,16972825.00,19226265.00,23838142.00,23606880.00,25271790.00,25978907.00,26611765.00,24155802.00,18909496.00,18472682.00,11799733.00,8034455.00,6157587.00,7731904.00,8840286.00
049905,CALLISBURG ISD,0.00,0.00,0.00,0.00,0.00,0.00,0.00,0.00,0.00,0.00,0.00,0.00,0.00,0.00,0.00,0.00,2888.00,2038.00,8030.00,6102.00,6216.00
106901,CANADIAN ISD,0.00,1336689.00,487616.00,0.00,0.00,1093397.00,837721.00,0.00,947848.00,3106299.00,3393073.00,3911124.00,6907914.00,9924744.00,7453827.00,8713203.00,5737698.00,9108683.00,8723387.00,7986639.00,8542462.00
064903,CARRIZO SPRINGS CISD,0.00,0.00,0.00,0.00,0.00,0.00,0.00,0.00,0.00,0.00,0.00,0.00,0.00,0.00,0.00,0.00,0.00,0.00,0.00,0.00,19362924.00
220919,CARROLL ISD,0.00,0.00,0.00,0.00,0.00,0.00,0.00,0.00,4922566.00,9137443.00,13011245.00,15466094.00,16249423.00,15775065.00,11531781.00,15405602.00,10375874.00,12781202.00,14437224.00,14499643.00,12452837.00
057903,CARROLLTON-FARMERS BRANCH ISD,0.00,0.00,0.00,0.00,0.00,29938434.00,33513180.00,43976516.00,47730099.00,51801910.00,49473625.00,40797933.00,33765643.00,27604728.00,12845311.00,19047318.00,0.00,0.00,0.00,0.00,0.00
183902,CARTHAGE ISD,0.00,0.00,2403586.00,1377742.00,258657.00,4447619.00,2509043.00,2901463.00,5576071.00,11442617.00,10243982.00,10844542.00,17398782.00,23493912.00,19112732.00,20953939.00,17685172.00,15379267.00,14069106.00,11589859.00,11459899.00
001902,CAYUGA ISD,0.00,0.00,0.00,0.00,0.00,0.00,0.00,0.00,0.00,0.00,0.00,0.00,0.00,0.00,0.00,185574.00,0.00,0.00,0.00,0.00,0.00
103901,CHANNING ISD,0.00,0.00,0.00,0.00,0.00,0.00,0.00,0.00,0.00,0.00,51752.00,144486.00,58815.00,375509.00,253439.00,277116.00,5232.00,82171.00,199285.00,72959.00,584047.00
249904,CHICO ISD,0.00,0.00,0.00,0.00,0.00,0.00,0.00,0.00,0.00,0.00,0.00,0.00,0.00,0.00,168512.00,1154947.00,765540.00,1008954.00,1421892.00,1234679.00,1204911.00
099902,CHILLICOTHE ISD,0.00,0.00,0.00,0.00,0.00,0.00,0.00,0.00,0.00,0.00,0.00,0.00,0.00,0.00,0.00,55.00,2722.00,279.00,2080.00,1829.00,3128.00
174901,CHIRENO ISD,0.00,0.00,0.00,0.00,0.00,0.00,0.00,0.00,0.00,0.00,0.00,0.00,0.00,0.00,0.00,0.00,0.00,0.00,0.00,0.00,27120.00
139905,CHISUM ISD,0.00,0.00,0.00,0.00,0.00,0.00,0.00,0.00,635224.00,2262267.00,1717497.00,1638993.00,1611570.00,1449740.00,615937.00,728229.00,0.00,1161845.00,2135991.00,1634837.00,1312412.00
226901,CHRISTOVAL ISD,0.00,0.00,0.00,0.00,0.00,0.00,0.00,0.00,0.00,0.00,0.00,0.00,0.00,0.00,0.00,0.00,0.00,0.00,46656.00,0.00,11520.00
067902,CISCO ISD,0.00,0.00,0.00,0.00,0.00,0.00,0.00,0.00,0.00,0.00,0.00,0.00,0.00,0.00,0.00,0.00,0.00,2484.00,67430.00,75698.00,181878.00
084910,CLEAR CREEK ISD,0.00,0.00,0.00,0.00,0.00,0.00,0.00,0.00,0.00,0.00,0.00,0.00,0.00,0.00,0.00,0.00,0.00,0.00,0.00,0.00,0.00
126903,CLEBURNE ISD,0.00,0.00,0.00,0.00,0.00,0.00,0.00,0.00,0.00,0.00,0.00,0.00,0.00,0.00,0.00,0.00,0.00,0.00,0.00,0.00,0.00
204901,COLDSPRING-OAKHURST CISD,0.00,0.00,0.00,0.00,0.00,0.00,0.00,0.00,0.00,0.00,0.00,0.00,0.00,0.00,0.00,0.00,0.00,0.00,0.00,0.00,0.00
021901,COLLEGE STATION ISD,0.00,0.00,0.00,0.00,0.00,0.00,0.00,0.00,0.00,931325.00,3505743.00,6226253.00,8290492.00,9931085.00,5904680.00,8278450.00,0.00,990185.00,4424214.00,2624222.00,0.00
045902,COLUMBUS ISD,0.00,0.00,0.00,0.00,0.00,0.00,0.00,0.00,0.00,0.00,0.00,0.00,0.00,0.00,0.00,0.00,19389.00,24600.00,50538.00,59714.00,65442.00
046902,COMAL ISD,0.00,0.00,0.00,0.00,0.00,0.00,0.00,0.00,0.00,0.00,0.00,1767346.00,3634741.00,6483040.00,4937417.00,10678475.00,7490128.00,7365017.00,8257657.00,0.00,0.00
130902,COMFORT ISD,0.00,0.00,0.00,0.00,0.00,0.00,0.00,0.00,0.00,0.00,0.00,0.00,0.00,0.00,0.00,0.00,4700.00,0.00,12147.00,9816.00,35133.00
233903,COMSTOCK ISD,0.00,0.00,0.00,0.00,0.00,311150.00,124186.00,18514.00,0.00,388024.00,357742.00,411550.00,540138.00,555918.00,398281.00,303491.00,356382.00,133331.00,137789.00,0.00,0.00
170902,CONROE ISD,0.00,0.00,0.00,0.00,0.00,0.00,0.00,0.00,0.00,0.00,0.00,0.00,0.00,0.00,0.00,0.00,0.00,0.00,0.00,0.00,0.00
057922,COPPELL ISD,0.00,5380218.00,6140160.00,4793562.00,3830071.00,7730531.00,11807669.00,16704560.00,22693462.00,25831188.00,33117316.00,35699673.00,37192189.00,35923192.00,26672898.00,31702059.00,23259131.00,23425003.00,22706350.00,18475923.00,17371864.00
142901,COTULLA ISD,0.00,0.00,0.00,0.00,0.00,0.00,0.00,0.00,0.00,0.00,0.00,0.00,0.00,0.00,0.00,0.00,0.00,0.00,0.00,294006.00,28980472.00
246914,COUPLAND ISD,0.00,0.00,0.00,0.00,0.00,0.00,0.00,0.00,0.00,0.00,0.00,0.00,0.00,0.00,0.00,0.00,0.00,0.00,0.00,0.00,0.00
052901,CRANE ISD,0.00,5145402.00,1238933.00,0.00,1214936.00,2555541.00,0.00,0.00,12233.00,4977999.00,3598383.00,3948169.00,7443079.00,12993712.00,11297893.00,13636139.00,12406635.00,12699867.00,13299930.00,14920734.00,15346112.00
018908,CRANFILLS GAP ISD,0.00,0.00,0.00,0.00,0.00,0.00,0.00,0.00,0.00,0.00,0.00,0.00,0.00,0.00,0.00,0.00,0.00,0.00,0.00,0.00,0.00
053001,CROCKETT COUNTY CONSOLIDATED CSD,0.00,0.00,0.00,0.00,0.00,0.00,0.00,0.00,0.00,0.00,0.00,0.00,16164214.00,20208023.00,15217985.00,18157069.00,16593936.00,16498227.00,14360370.00,13724351.00,12980513.00
107904,CROSS ROADS ISD,0.00,0.00,0.00,0.00,0.00,0.00,0.00,0.00,0.00,0.00,0.00,0.00,0.00,0.00,0.00,0.00,0.00,15572.00,17189.00,0.00,0.00
062901,CUERO ISD,0.00,0.00,0.00,0.00,0.00,0.00,0.00,0.00,0.00,0.00,0.00,0.00,0.00,0.00,0.00,0.00,0.00,0.00,0.00,0.00,13334.00
055901,CULBERSON COUNTY-ALLAMOORE ISD,0.00,0.00,0.00,0.00,0.00,0.00,0.00,0.00,0.00,0.00,0.00,0.00,0.00,0.00,0.00,0.00,0.00,0.00,0.00,0.00,0.00
174902,CUSHING ISD,0.00,0.00,0.00,0.00,0.00,0.00,0.00,0.00,0.00,0.00,0.00,0.00,0.00,0.00,743666.00,1533101.00,1108602.00,955902.00,482640.00,0.00,0.00
172902,DAINGERFIELD-LONE STAR ISD,0.00,0.00,0.00,0.00,0.00,0.00,0.00,0.00,947676.00,1104957.00,214080.00,408448.00,664794.00,0.00,286895.00,769329.00,0.00,0.00,0.00,0.00,18566.00
057905,DALLAS ISD,0.00,0.00,0.00,0.00,0.00,0.00,0.00,0.00,0.00,0.00,0.00,0.00,0.00,0.00,0.00,0.00,0.00,0.00,0.00,0.00,0.00
148905,DARROUZETT ISD,507953.00,516440.00,387028.00,421544.00,0.00,630032.00,125743.00,573691.00,180949.00,460714.00,474858.00,1085943.00,1810540.00,2126665.00,1242944.00,1278008.00,998154.00,760166.00,746255.00,723832.00,609883.00
058902,DAWSON ISD,1519942.00,1029918.00,273904.00,410537.00,490298.00,380046.00,0.00,0.00,627439.00,876440.00,613064.00,716204.00,640118.00,1111801.00,927846.00,1198157.00,1132943.00,1180423.00,1321784.00,1318261.00,1067593.00
249905,DECATUR ISD,0.00,0.00,0.00,0.00,0.00,0.00,0.00,0.00,0.00,0.00,0.00,0.00,0.00,2390520.00,3505306.00,4776577.00,2510492.00,3902541.00,5525522.00,4439583.00,4038596.00
101908,DEER PARK ISD,34430961.00,36785113.00,38458153.00,40014952.00,40929556.00,42628868.00,41435488.00,40961782.00,45175366.00,38488879.00,33330574.00,32357159.00,31545684.00,28066393.00,20896379.00,21692911.00,9888063.00,4024.00,0.00,2350024.00,1988862.00
061901,DENTON ISD,0.00,0.00,0.00,0.00,0.00,0.00,0.00,0.00,0.00,0.00,0.00,0.00,0.00,0.00,0.00,0.00,0.00,0.00,0.00,0.00,0.00
251901,DENVER CITY ISD,14841049.00,7748287.00,3487175.00,0.00,5660879.00,4818737.00,1963869.00,2097597.00,5109629.00,9603100.00,8643648.00,9893257.00,14235784.00,20135749.00,16829301.00,21416843.00,17701956.00,18281328.00,19309701.00,20945676.00,18866986.00
146903,DEVERS ISD,322856.00,273838.00,254838.00,0.00,0.00,0.00,0.00,0.00,0.00,0.00,845390.00,2604445.00,6109527.00,4847122.00,4144719.00,3132000.00,1912627.00,1390915.00,1499654.00,1764502.00,1351921.00
081906,DEW ISD,0.00,0.00,0.00,0.00,0.00,0.00,0.00,871546.00,1314124.00,3164860.00,2186117.00,3523615.00,4211705.00,5334781.00,3482778.00,3648009.00,3647786.00,2779054.00,2107308.00,1722077.00,1072707.00
176903,DEWEYVILLE ISD,0.00,0.00,0.00,0.00,0.00,0.00,0.00,0.00,0.00,0.00,0.00,0.00,457050.00,552780.00,5306.00,6349.00,0.00,0.00,0.00,645056.00,388382.00
144903,DIME BOX ISD,0.00,0.00,0.00,0.00,0.00,0.00,0.00,0.00,0.00,0.00,0.00,0.00,0.00,0.00,139419.00,413244.00,119154.00,62383.00,317181.00,418499.00,301067.00
133905,DIVIDE ISD,0.00,0.00,0.00,97033.00,129161.00,162744.00,0.00,0.00,0.00,0.00,0.00,3945.00,31325.00,35085.00,42953.00,121973.00,119956.00,107114.00,112930.00,107617.00,88668.00
086024,DOSS CONSOLIDATED CSD,0.00,0.00,0.00,0.00,0.00,0.00,0.00,5604.00,26245.00,0.00,64356.00,0.00,0.00,0.00,0.00,0.00,0.00,0.00,0.00,0.00,0.00
174911,DOUGLASS ISD,0.00,0.00,0.00,0.00,0.00,0.00,0.00,0.00,0.00,0.00,0.00,0.00,0.00,0.00,0.00,0.00,0.00,0.00,0.00,0.00,0.00
105904,DRIPPING SPRINGS ISD,0.00,0.00,0.00,0.00,0.00,0.00,0.00,0.00,0.00,0.00,0.00,0.00,2665159.00,2906706.00,1330597.00,4120160.00,728985.00,1376099.00,2080966.00,868276.00,0.00
178905,DRISCOLL ISD,0.00,0.00,0.00,0.00,0.00,0.00,0.00,0.00,0.00,0.00,0.00,0.00,0.00,0.00,0.00,0.00,0.00,0.00,0.00,0.00,0.00
171901,DUMAS ISD,0.00,0.00,0.00,0.00,0.00,0.00,0.00,0.00,0.00,0.00,0.00,0.00,0.00,2539885.00,23528.00,0.00,0.00,0.00,0.00,0.00,0.00
220918,EAGLE MT-SAGINAW ISD,0.00,0.00,0.00,0.00,0.00,0.00,0.00,0.00,0.00,0.00,0.00,0.00,0.00,0.00,0.00,0.00,0.00,0.00,0.00,0.00,0.00
227909,EANES ISD,0.00,2652105.00,6672972.00,10167163.00,10292688.00,13589033.00,18279770.00,27311725.00,35161568.00,51503380.00,52121003.00,51865786.00,55831356.00,58867227.00,50552387.00,57976392.00,54516301.00,52007623.00,52543476.00,53352926.00,55304250.00
068901,ECTOR COUNTY ISD,0.00,0.00,0.00,0.00,0.00,0.00,0.00,0.00,0.00,0.00,0.00,0.00,0.00,0.00,0.00,0.00,0.00,0.00,0.00,0.00,276782.00
243902,ELECTRA ISD,0.00,0.00,0.00,0.00,0.00,0.00,0.00,0.00,0.00,0.00,0.00,0.00,0.00,0.00,0.00,0.00,0.00,0.00,0.00,0.00,0.00
102906,ELYSIAN FIELDS ISD,0.00,0.00,0.00,0.00,0.00,0.00,0.00,0.00,0.00,0.00,0.00,0.00,0.00,0.00,9340.00,0.00,30664.00,34663.00,40578.00,33427.00,20875.00
030906,EULA ISD,0.00,0.00,0.00,0.00,0.00,0.00,0.00,0.00,0.00,0.00,0.00,0.00,0.00,0.00,0.00,0.00,3325.00,15642.00,32211.00,35058.00,36796.00
121906,EVADALE ISD,0.00,2132506.00,3179295.00,4248239.00,4681327.00,4180946.00,4042396.00,3912640.00,3627813.00,3253411.00,3078293.00,3336020.00,3024654.00,2181481.00,1078368.00,1117229.00,541634.00,634080.00,236550.00,185419.00,133238.00
210906,EXCELSIOR ISD,0.00,0.00,0.00,0.00,0.00,0.00,0.00,0.00,0.00,0.00,0.00,0.00,0.00,0.00,0.00,0.00,7049.00,7941.00,0.00,0.00,0.00
143906,EZZELL ISD,0.00,0.00,0.00,0.00,0.00,0.00,0.00,232109.00,908253.00,766571.00,805801.00,1002747.00,1106217.00,851959.00,846107.00,847888.00,639918.00,420990.00,331232.00,283618.00,205426.00
081902,FAIRFIELD ISD,0.00,0.00,0.00,0.00,0.00,0.00,0.00,0.00,832820.00,3340336.00,9406487.00,11558937.00,15644219.00,17397811.00,13287476.00,14643714.00,13070788.00,11672058.00,9092750.00,6609447.00,6405272.00
128904,FALLS CITY ISD,0.00,0.00,0.00,0.00,0.00,0.00,0.00,0.00,0.00,0.00,0.00,0.00,0.00,0.00,0.00,0.00,0.00,0.00,0.00,0.00,637245.00
075906,FAYETTEVILLE ISD,0.00,0.00,0.00,0.00,0.00,0.00,0.00,0.00,0.00,0.00,109017.00,83780.00,406740.00,531750.00,334351.00,429513.00,131924.00,65781.00,315751.00,123247.00,79512.00
178914,FLOUR BLUFF ISD,0.00,0.00,0.00,0.00,0.00,0.00,0.00,0.00,0.00,0.00,0.00,0.00,0.00,0.00,0.00,0.00,0.00,0.00,0.00,0.00,0.00
148902,FOLLETT ISD,0.00,253487.00,292148.00,133790.00,21436.00,233480.00,0.00,0.00,0.00,196074.00,272873.00,0.00,750175.00,811177.00,1050660.00,1543034.00,1435407.00,1507015.00,1325145.00,1284056.00,1424253.00
169910,FORESTBURG ISD,0.00,0.00,0.00,0.00,0.00,0.00,0.00,0.00,0.00,0.00,0.00,0.00,0.00,0.00,0.00,0.00,0.00,0.00,0.00,1052505.00,1667029.00
114904,FORSAN ISD,791721.00,0.00,0.00,0.00,0.00,0.00,0.00,0.00,0.00,0.00,0.00,0.00,0.00,0.00,17180.00,287116.00,821190.00,2096966.00,1019432.00,2497596.00,3200458.00
242906,FORT ELLIOTT CISD,1035472.00,1157138.00,1180756.00,0.00,0.00,942935.00,869874.00,861344.00,862450.00,1605503.00,3333670.00,2901847.00,6554553.00,9807438.00,8681945.00,10617656.00,9983673.00,10036471.00,10832613.00,10910035.00,13631261.00
186902,FORT STOCKTON ISD,0.00,0.00,1101230.00,0.00,0.00,0.00,195393.00,0.00,0.00,3520162.00,3590266.00,4295833.00,9269401.00,11032845.00,8359717.00,7796341.00,7221627.00,5731897.00,4175226.00,0.00,0.00
198903,FRANKLIN ISD,0.00,0.00,0.00,0.00,0.00,0.00,0.00,0.00,0.00,0.00,0.00,0.00,308080.00,4742042.00,6826154.00,15392194.00,22406754.00,21203610.00,17210656.00,15235522.00,11934758.00
086901,FREDERICKSBURG ISD,0.00,0.00,0.00,0.00,0.00,0.00,0.00,0.00,0.00,0.00,0.00,2298955.00,4540795.00,6049792.00,4610647.00,7225099.00,4471156.00,4619827.00,5623780.00,5317534.00,5107694.00
066903,FREER ISD,0.00,0.00,0.00,0.00,0.00,0.00,0.00,0.00,0.00,0.00,0.00,0.00,0.00,0.00,0.00,0.00,0.00,0.00,0.00,0.00,0.00
043905,FRISCO ISD,0.00,0.00,0.00,0.00,0.00,0.00,0.00,0.00,1764431.00,10126793.00,15429965.00,18419985.00,19382696.00,14538253.00,6520880.00,13429959.00,2151788.00,1696197.00,1491266.00,1542260.00,846273.00
084902,GALVESTON ISD,0.00,0.00,0.00,0.00,0.00,0.00,0.00,0.00,0.00,0.00,0.00,0.00,0.00,3703659.00,7942551.00,0.00,10186255.00,4648205.00,10420073.00,11255501.00,11624604.00
184911,GARNER ISD,0.00,0.00,0.00,0.00,0.00,0.00,0.00,0.00,0.00,0.00,0.00,0.00,49944.00,210699.00,142544.00,799819.00,446130.00,62070.00,173881.00,67845.00,0.00
174903,GARRISON ISD,0.00,0.00,0.00,0.00,0.00,0.00,0.00,0.00,0.00,0.00,0.00,0.00,0.00,0.00,0.00,0.00,3475.00,0.00,0.00,0.00,0.00
183904,GARY ISD,0.00,0.00,0.00,0.00,0.00,0.00,0.00,0.00,0.00,0.00,0.00,0.00,0.00,0.00,79133.00,480890.00,894526.00,391836.00,562610.00,187394.00,47021.00
166902,GAUSE ISD,0.00,0.00,0.00,0.00,0.00,0.00,0.00,0.00,0.00,0.00,0.00,0.00,0.00,0.00,0.00,0.00,0.00,0.00,0.00,0.00,0.00
246904,GEORGETOWN ISD,0.00,0.00,0.00,0.00,0.00,0.00,0.00,0.00,0.00,0.00,0.00,0.00,0.00,0.00,0.00,746217.00,0.00,0.00,0.00,306013.00,317036.00
144901,GIDDINGS ISD,0.00,0.00,0.00,0.00,0.00,0.00,0.00,0.00,0.00,0.00,0.00,0.00,0.00,0.00,0.00,0.00,0.00,0.00,0.00,0.00,0.00
087901,GLASSCOCK COUNTY ISD,1574190.00,1405824.00,1394276.00,1291998.00,1618715.00,2136138.00,1010597.00,1177888.00,2140593.00,3139823.00,2801038.00,3230553.00,4785905.00,5909339.00,5422062.00,8214664.00,8202712.00,9138832.00,10947513.00,23970814.00,27984276.00
213901,GLEN ROSE ISD,0.00,0.00,0.00,0.00,0.00,44676807.00,43340629.00,9754169.00,8855176.00,9268259.00,7089081.00,7588260.00,7098161.00,6858890.00,7335802.00,12648115.00,12804620.00,13683045.00,13895356.00,13655167.00,11549253.00
126911,GODLEY ISD,0.00,0.00,0.00,0.00,0.00,0.00,0.00,0.00,0.00,0.00,0.00,0.00,0.00,0.00,0.00,0.00,1192402.00,3552859.00,2771688.00,1838769.00,814236.00
169906,GOLD BURG ISD,0.00,0.00,0.00,0.00,0.00,0.00,0.00,0.00,0.00,0.00,0.00,0.00,0.00,0.00,0.00,0.00,0.00,0.00,0.00,0.00,0.00
088902,GOLIAD ISD,0.00,0.00,0.00,0.00,0.00,0.00,0.00,0.00,0.00,0.00,0.00,0.00,689960.00,1433743.00,3395628.00,4236725.00,2566773.00,985877.00,1294205.00,135303.00,129464.00
101911,GOOSE CREEK CISD,0.00,0.00,0.00,0.00,0.00,0.00,0.00,0.00,0.00,0.00,0.00,0.00,0.00,0.00,0.00,0.00,0.00,0.00,0.00,0.00,0.00
182901,GORDON ISD,0.00,0.00,0.00,0.00,0.00,0.00,0.00,0.00,0.00,0.00,0.00,0.00,0.00,0.00,0.00,0.00,0.00,0.00,0.00,0.00,0.00
156905,GRADY ISD,1014800.00,401383.00,23331.00,123195.00,100581.00,144824.00,0.00,0.00,0.00,704233.00,229841.00,242375.00,693093.00,1882021.00,2054279.00,3364947.00,4095991.00,5613878.00,7190203.00,12336777.00,15076478.00
182902,GRAFORD ISD,0.00,0.00,0.00,0.00,0.00,0.00,0.00,0.00,299130.00,1114741.00,2121558.00,2137426.00,2844934.00,3230511.00,2803940.00,2935790.00,3160551.00,4275330.00,4794242.00,5079905.00,5363277.00
111901,GRANBURY ISD,0.00,0.00,0.00,0.00,0.00,0.00,0.00,0.00,0.00,0.00,0.00,0.00,0.00,730908.00,1226971.00,6116470.00,3865532.00,9773418.00,11447646.00,9390688.00,7592222.00
238904,GRANDFALLS-ROYALTY ISD,0.00,0.00,0.00,0.00,0.00,0.00,0.00,0.00,0.00,0.00,0.00,0.00,232939.00,641125.00,652569.00,811075.00,513991.00,124302.00,176254.00,86574.00,344761.00
090905,GRANDVIEW-HOPKINS ISD,0.00,471262.00,388166.00,372522.00,519424.00,359918.00,168449.00,265845.00,339470.00,575886.00,344755.00,437398.00,788522.00,923769.00,934253.00,978151.00,875466.00,517537.00,397394.00,334262.00,586599.00
113902,GRAPELAND ISD,0.00,0.00,0.00,0.00,0.00,0.00,0.00,0.00,0.00,0.00,0.00,0.00,0.00,0.00,0.00,0.00,9069.00,8094.00,9252.00,7601.00,5936.00
220906,GRAPEVINE-COLLEYVILLE ISD,0.00,0.00,8766659.00,9696955.00,8728817.00,9595124.00,11149412.00,19115102.00,23931302.00,34140619.00,37953785.00,44241495.00,47631767.00,42574139.00,30695493.00,35001771.00,25343470.00,26206619.00,28938260.00,27840559.00,24286072.00
165902,GREENWOOD ISD,0.00,0.00,0.00,0.00,0.00,0.00,0.00,0.00,0.00,0.00,0.00,0.00,0.00,0.00,0.00,0.00,41590.00,24571.00,104281.00,0.00,291112.00
147902,GROESBECK ISD,6818804.00,8795861.00,6082101.00,5907823.00,5292643.00,5036410.00,4382346.00,743900.00,732087.00,1910019.00,1966918.00,1957005.00,4986912.00,8032772.00,9368884.00,12072553.00,11460415.00,11024266.00,9490800.00,7284203.00,5743103.00
033901,GROOM ISD,0.00,0.00,0.00,0.00,0.00,0.00,0.00,0.00,0.00,0.00,0.00,0.00,0.00,0.00,0.00,0.00,0.00,0.00,0.00,0.00,0.00
098901,GRUVER ISD,0.00,0.00,0.00,0.00,0.00,0.00,0.00,0.00,0.00,0.00,30356.00,0.00,239487.00,285518.00,1136437.00,1818845.00,1773145.00,1682323.00,465696.00,281759.00,107725.00
135001,GUTHRIE CSD,2282264.00,1061724.00,973239.00,777475.00,689814.00,617098.00,0.00,0.00,628680.00,330051.00,0.00,189146.00,74788.00,716018.00,851267.00,904591.00,562414.00,73861.00,410089.00,367593.00,695069.00
143901,HALLETTSVILLE ISD,0.00,0.00,0.00,0.00,0.00,0.00,0.00,0.00,0.00,0.00,0.00,0.00,1837957.00,2414131.00,1893010.00,2332050.00,1262263.00,563148.00,19628.00,8527.00,11823.00
161924,HALLSBURG ISD,0.00,0.00,0.00,0.00,0.00,0.00,0.00,208362.00,0.00,0.00,0.00,0.00,42799.00,10517.00,0.00,0.00,0.00,0.00,0.00,0.00,0.00
102904,HALLSVILLE ISD,0.00,0.00,0.00,0.00,0.00,0.00,0.00,0.00,0.00,1400133.00,1962762.00,2025930.00,3920479.00,5299122.00,2305723.00,4000990.00,1268170.00,0.00,0.00,0.00,0.00
123914,HAMSHIRE-FANNETT ISD,0.00,0.00,0.00,0.00,0.00,0.00,0.00,0.00,0.00,0.00,0.00,0.00,0.00,0.00,0.00,0.00,0.00,0.00,0.00,0.00,15370.00
100905,HARDIN-JEFFERSON ISD,0.00,0.00,0.00,0.00,0.00,0.00,0.00,0.00,0.00,0.00,0.00,0.00,0.00,0.00,0.00,0.00,0.00,0.00,0.00,0.00,0.00
086902,HARPER ISD,0.00,0.00,0.00,0.00,0.00,0.00,0.00,0.00,0.00,0.00,0.00,0.00,0.00,0.00,0.00,0.00,0.00,0.00,36168.00,27076.00,26828.00
244901,HARROLD ISD,0.00,0.00,0.00,0.00,0.00,0.00,0.00,0.00,0.00,0.00,0.00,0.00,0.00,0.00,0.00,0.00,0.00,0.00,0.00,0.00,0.00
250902,HAWKINS ISD,0.00,0.00,0.00,0.00,0.00,0.00,0.00,0.00,0.00,170061.00,0.00,0.00,396924.00,1185862.00,1480297.00,2084533.00,1781058.00,884951.00,1336218.00,1905148.00,2730178.00
201902,HENDERSON ISD,0.00,0.00,0.00,0.00,0.00,0.00,0.00,0.00,0.00,0.00,0.00,0.00,0.00,0.00,0.00,67685.00,0.00,0.00,0.00,0.00,0.00
208901,HERMLEIGH ISD,0.00,0.00,0.00,0.00,0.00,0.00,0.00,0.00,0.00,0.00,0.00,0.00,0.00,0.00,0.00,0.00,0.00,2040680.00,1201461.00,0.00,0.00
148903,HIGGINS ISD,0.00,0.00,0.00,0.00,0.00,0.00,0.00,0.00,0.00,23396.00,76573.00,0.00,426774.00,896012.00,1236524.00,1733024.00,2398086.00,2111019.00,1714068.00,2074980.00,3101326.00
084903,HIGH ISLAND ISD,0.00,0.00,0.00,0.00,0.00,0.00,0.00,0.00,0.00,0.00,0.00,0.00,0.00,0.00,0.00,0.00,1179.00,0.00,0.00,0.00,0.00
177905,HIGHLAND ISD,0.00,0.00,0.00,0.00,138839.00,89373.00,0.00,0.00,0.00,0.00,0.00,0.00,0.00,0.00,0.00,19685.00,1129209.00,338368.00,52392.00,2305.00,31155.00
057911,HIGHLAND PARK ISD,0.00,27016410.00,26746434.00,0.00,0.00,31260676.00,37443242.00,41264030.00,53618560.00,57768568.00,65324528.00,69801367.00,75059357.00,78207035.00,64599594.00,71988604.00,72471625.00,70985369.00,68999544.00,68513416.00,69148245.00
188903,HIGHLAND PARK ISD,5125720.00,4840024.00,4579046.00,3902717.00,4640835.00,3981548.00,3168752.00,3269775.00,4044758.00,3795285.00,3921387.00,3571895.00,3904161.00,4244316.00,2906374.00,3274863.00,1952552.00,1779283.00,2599624.00,3101789.00,3006190.00
084908,HITCHCOCK ISD,0.00,0.00,0.00,0.00,0.00,0.00,0.00,0.00,0.00,0.00,0.00,0.00,0.00,0.00,0.00,0.00,0.00,0.00,0.00,0.00,0.00
101912,HOUSTON ISD,0.00,0.00,0.00,0.00,0.00,0.00,0.00,0.00,0.00,0.00,0.00,0.00,0.00,0.00,0.00,0.00,0.00,0.00,0.00,0.00,0.00
072908,HUCKABAY ISD,0.00,0.00,0.00,0.00,0.00,0.00,0.00,0.00,0.00,0.00,0.00,0.00,0.00,0.00,0.00,0.00,0.00,0.00,0.00,0.00,0.00
146905,HULL-DAISETTA ISD,0.00,0.00,0.00,0.00,0.00,0.00,0.00,0.00,0.00,0.00,0.00,0.00,0.00,0.00,0.00,0.00,0.00,0.00,11699.00,7007.00,20198.00
133902,HUNT ISD,0.00,0.00,0.00,0.00,0.00,0.00,0.00,512441.00,0.00,94950.00,0.00,1222210.00,1368953.00,1171924.00,953089.00,1192570.00,1220643.00,1524420.00,1707954.00,1694148.00,1761033.00
220916,HURST-EULESS-BEDFORD ISD,0.00,0.00,0.00,0.00,0.00,0.00,0.00,0.00,0.00,0.00,0.00,3339527.00,1742995.00,0.00,14154.00,0.00,0.00,0.00,0.00,0.00,0.00
120905,INDUSTRIAL ISD,0.00,0.00,0.00,0.00,1135561.00,1206970.00,769756.00,669011.00,1770640.00,1334072.00,648917.00,930900.00,526240.00,215239.00,1328.00,0.00,0.00,0.00,0.00,0.00,120913.00
205903,INGLESIDE ISD,0.00,0.00,552725.00,1875034.00,877485.00,1804175.00,1980107.00,3051039.00,4464914.00,2725534.00,2510626.00,1903478.00,1731621.00,1417947.00,268505.00,1360263.00,0.00,0.00,0.00,0.00,0.00
133904,INGRAM ISD,0.00,0.00,0.00,0.00,0.00,0.00,0.00,0.00,0.00,0.00,0.00,0.00,0.00,0.00,0.00,0.00,0.00,0.00,0.00,0.00,0.00
208903,IRA ISD,0.00,0.00,0.00,0.00,0.00,0.00,0.00,0.00,0.00,0.00,0.00,0.00,0.00,0.00,0.00,677041.00,369102.00,1967.00,221030.00,137153.00,388264.00
186903,IRAAN-SHEFFIELD ISD,0.00,15127622.00,13842294.00,0.00,13786738.00,13334147.00,7164030.00,4995510.00,4583785.00,6396293.00,5516549.00,5123840.00,6937195.00,9408238.00,8800326.00,11115497.00,10673880.00,12813563.00,12670933.00,14341140.00,13915060.00
118902,IRION COUNTY ISD,0.00,0.00,0.00,0.00,0.00,457208.00,0.00,0.00,0.00,465723.00,121046.00,297633.00,671400.00,1431341.00,1970693.00,3348658.00,3206424.00,3448784.00,4353149.00,5594526.00,7297723.00
119902,JACKSBORO ISD,0.00,0.00,0.00,0.00,0.00,0.00,0.00,0.00,0.00,0.00,0.00,0.00,0.00,0.00,307107.00,512513.00,0.00,0.00,1213156.00,3211907.00,2885239.00
246907,JARRELL ISD,0.00,0.00,0.00,0.00,0.00,0.00,0.00,0.00,0.00,0.00,0.00,0.00,0.00,424077.00,72628.00,750381.00,128172.00,0.00,0.00,0.00,0.00
132902,JAYTON-GIRARD ISD,7410511.00,6906410.00,6746475.00,5948154.00,6009277.00,3247338.00,1026927.00,1028748.00,1847623.00,2532205.00,2376069.00,2722648.00,3710144.00,4385693.00,3326726.00,4497930.00,3531869.00,3924762.00,4237581.00,5646881.00,5692087.00
155901,JEFFERSON ISD,0.00,0.00,0.00,0.00,0.00,0.00,0.00,0.00,0.00,0.00,0.00,0.00,0.00,0.00,0.00,0.00,6997.00,0.00,15485.00,1187.00,0.00
016901,JOHNSON CITY ISD,0.00,0.00,0.00,0.00,0.00,0.00,0.00,0.00,0.00,0.00,0.00,0.00,0.00,0.00,154057.00,557853.00,96504.00,108723.00,304724.00,119191.00,119563.00
050909,JONESBORO ISD,0.00,0.00,0.00,0.00,0.00,0.00,0.00,0.00,0.00,0.00,0.00,0.00,0.00,0.00,0.00,0.00,0.00,0.00,0.00,0.00,0.00
102901,KARNACK ISD,0.00,0.00,0.00,0.00,0.00,0.00,0.00,0.00,0.00,0.00,0.00,0.00,0.00,0.00,0.00,363771.00,484069.00,710842.00,793023.00,742808.00,730756.00
128901,KARNES CITY ISD,0.00,0.00,0.00,0.00,0.00,0.00,0.00,0.00,0.00,0.00,0.00,0.00,0.00,0.00,0.00,0.00,0.00,0.00,0.00,0.00,26424896.00
242905,KELTON ISD,143217.00,165904.00,254001.00,337883.00,303091.00,377712.00,433500.00,642218.00,44332.00,0.00,523524.00,446460.00,1000222.00,1748309.00,2410200.00,3055091.00,3311646.00,3699475.00,3958440.00,4781704.00,6526495.00
131001,KENEDY COUNTY WIDE CSD,0.00,0.00,0.00,0.00,0.00,1782657.00,2053048.00,2583938.00,1934734.00,3292327.00,3517514.00,4604395.00,5371942.00,5217447.00,3967041.00,5466511.00,8699467.00,9568362.00,8465900.00,7344635.00,7196514.00
113906,KENNARD ISD,0.00,0.00,0.00,0.00,0.00,0.00,0.00,0.00,0.00,0.00,0.00,0.00,0.00,0.00,0.00,0.00,0.00,0.00,0.00,0.00,0.00
248901,KERMIT ISD,0.00,0.00,0.00,0.00,0.00,0.00,0.00,0.00,0.00,0.00,0.00,0.00,0.00,0.00,0.00,0.00,1443641.00,1505717.00,1047609.00,182059.00,177144.00
133903,KERRVILLE ISD,0.00,0.00,0.00,0.00,0.00,0.00,0.00,0.00,0.00,0.00,0.00,0.00,0.00,0.00,0.00,0.00,0.00,0.00,0.00,0.00,0.00
092902,KILGORE ISD,0.00,0.00,0.00,0.00,0.00,0.00,0.00,0.00,0.00,0.00,0.00,0.00,0.00,0.00,0.00,0.00,0.00,0.00,0.00,0.00,0.00
058905,KLONDIKE ISD,652696.00,439478.00,201339.00,136421.00,178378.00,118811.00,0.00,0.00,502542.00,1158420.00,1033180.00,961878.00,1479435.00,2323461.00,1913186.00,2574254.00,2588453.00,3409403.00,4694225.00,7985873.00,9584933.00
061905,KRUM ISD,0.00,0.00,0.00,0.00,0.00,0.00,0.00,0.00,0.00,0.00,0.00,0.00,0.00,0.00,0.00,89667.00,0.00,0.00,0.00,0.00,0.00
125906,LA GLORIA ISD,0.00,0.00,0.00,0.00,0.00,0.00,0.00,0.00,0.00,0.00,0.00,0.00,0.00,0.00,0.00,0.00,0.00,0.00,0.00,0.00,0.00
075902,LA GRANGE ISD,0.00,0.00,0.00,0.00,0.00,0.00,0.00,0.00,0.00,0.00,0.00,0.00,0.00,0.00,0.00,392732.00,0.00,0.00,0.00,0.00,0.00
084904,LA MARQUE ISD,0.00,0.00,0.00,0.00,0.00,0.00,0.00,0.00,0.00,0.00,0.00,0.00,0.00,0.00,0.00,0.00,0.00,0.00,0.00,0.00,0.00
101916,LA PORTE ISD,0.00,11680999.00,12090034.00,12607715.00,20435156.00,27911399.00,26267852.00,24850982.00,27171598.00,24089386.00,23655426.00,24381479.00,25101902.00,23929995.00,17379242.00,19044383.00,16335703.00,15895595.00,17414723.00,16849859.00,17798239.00
227912,LAGO VISTA ISD,0.00,0.00,0.00,0.00,0.00,0.00,0.00,0.00,1232369.00,2219558.00,3106858.00,3529267.00,3956804.00,4343816.00,4589731.00,5891752.00,5882696.00,6210106.00,5653718.00,5041847.00,3996093.00
227913,LAKE TRAVIS ISD,744594.00,193911.00,1509488.00,2294126.00,2604098.00,3430727.00,4260698.00,5011470.00,11644447.00,15962947.00,20783636.00,21873109.00,24573580.00,27938087.00,25184986.00,30517520.00,30422298.00,28694099.00,28430125.00,26772092.00,25780680.00
079901,LAMAR CISD,0.00,0.00,0.00,0.00,0.00,0.00,0.00,0.00,0.00,0.00,0.00,0.00,0.00,0.00,0.00,0.00,0.00,0.00,0.00,0.00,0.00
201903,LANEVILLE ISD,0.00,0.00,0.00,0.00,0.00,0.00,0.00,0.00,0.00,0.00,0.00,0.00,0.00,0.00,0.00,0.00,6670.00,0.00,0.00,4485.00,0.00
107910,LAPOYNOR ISD,0.00,0.00,0.00,0.00,0.00,0.00,0.00,0.00,0.00,173485.00,132326.00,302757.00,1170609.00,1566251.00,1245958.00,1500648.00,755332.00,71667.00,572894.00,190074.00,0.00
185904,LAZBUDDIE ISD,0.00,0.00,0.00,0.00,0.00,0.00,0.00,0.00,0.00,0.00,0.00,0.00,0.00,0.00,0.00,0.00,0.00,0.00,0.00,0.00,0.00
193902,LEAKEY ISD,0.00,0.00,0.00,0.00,0.00,0.00,0.00,0.00,0.00,0.00,0.00,0.00,0.00,0.00,5791.00,319791.00,93163.00,543474.00,760228.00,523703.00,402673.00
246913,LEANDER ISD,0.00,0.00,0.00,0.00,0.00,0.00,0.00,0.00,0.00,0.00,0.00,0.00,0.00,0.00,0.00,122678.00,245502.00,182404.00,191286.00,107831.00,96165.00
090902,LEFORS ISD,0.00,185576.00,0.00,0.00,0.00,0.00,0.00,0.00,0.00,0.00,0.00,0.00,0.00,0.00,352441.00,530336.00,502591.00,289625.00,185541.00,0.00,288161.00
187906,LEGGETT ISD,0.00,0.00,0.00,0.00,0.00,0.00,0.00,0.00,0.00,0.00,0.00,0.00,0.00,0.00,0.00,0.00,0.00,0.00,0.00,0.00,0.00
145911,LEON ISD,0.00,0.00,0.00,0.00,0.00,841803.00,267863.00,0.00,393681.00,671395.00,679028.00,499935.00,1611067.00,4002632.00,3927670.00,6597689.00,5424177.00,3455894.00,2605418.00,2149967.00,1393819.00
110902,LEVELLAND ISD,0.00,0.00,0.00,0.00,0.00,0.00,0.00,0.00,0.00,0.00,0.00,0.00,0.00,0.00,7571.00,0.00,0.00,0.00,0.00,0.00,0.00
061902,LEWISVILLE ISD,0.00,0.00,0.00,0.00,0.00,0.00,0.00,0.00,0.00,0.00,0.00,0.00,0.00,0.00,0.00,0.00,0.00,0.00,0.00,0.00,0.00
049907,LINDSAY ISD,0.00,0.00,0.00,0.00,0.00,0.00,0.00,0.00,0.00,0.00,0.00,0.00,0.00,0.00,0.00,0.00,0.00,8234.00,6203.00,17554.00,86104.00
072909,LINGLEVILLE ISD,0.00,0.00,0.00,0.00,0.00,0.00,0.00,0.00,0.00,0.00,0.00,0.00,0.00,0.00,0.00,0.00,0.00,3820.00,0.00,323.00,0.00
111902,LIPAN ISD,0.00,0.00,0.00,0.00,0.00,0.00,0.00,0.00,0.00,0.00,0.00,0.00,0.00,0.00,0.00,0.00,0.00,52959.00,37792.00,7228.00,16850.00
150901,LLANO ISD,0.00,0.00,0.00,0.00,0.00,2860115.00,2367305.00,3375138.00,4497250.00,6293972.00,8707312.00,10404161.00,12495056.00,12605630.00,12116453.00,15460267.00,14969149.00,16321636.00,17167273.00,17184181.00,17304010.00
178906,LONDON ISD,0.00,0.00,0.00,0.00,0.00,0.00,0.00,0.00,0.00,0.00,0.00,0.00,0.00,0.00,0.00,0.00,0.00,0.00,0.00,0.00,0.00
092903,LONGVIEW ISD,0.00,0.00,0.00,0.00,0.00,0.00,0.00,0.00,0.00,0.00,0.00,0.00,0.00,0.00,0.00,0.00,0.00,0.00,0.00,0.00,0.00
083902,LOOP ISD,0.00,1144945.00,874842.00,929305.00,1330831.00,1335289.00,841618.00,950628.00,1212151.00,1268720.00,1169189.00,1458997.00,1847598.00,2522564.00,2232058.00,2982579.00,2367918.00,2538320.00,2904349.00,3367328.00,2933665.00
168902,LORAINE ISD,0.00,0.00,0.00,0.00,0.00,0.00,0.00,0.00,0.00,0.00,0.00,0.00,0.00,0.00,0.00,0.00,0.00,133101.00,0.00,0.00,0.00
043919,LOVEJOY ISD,0.00,0.00,0.00,0.00,0.00,0.00,0.00,176708.00,0.00,0.00,1159417.00,4051685.00,4812350.00,3901209.00,1573257.00,1438573.00,0.00,0.00,0.00,0.00,0.00
113903,LOVELADY ISD,0.00,0.00,0.00,0.00,0.00,0.00,0.00,0.00,0.00,0.00,0.00,0.00,0.00,0.00,0.00,0.00,0.00,0.00,0.00,5950.00,18521.00
107906,MALAKOFF ISD,0.00,0.00,0.00,0.00,0.00,0.00,0.00,0.00,0.00,0.00,691163.00,1316056.00,1948110.00,1927599.00,1452292.00,2159536.00,1100247.00,1432392.00,1820133.00,1631274.00,1479120.00
109908,MALONE ISD,0.00,0.00,0.00,0.00,0.00,0.00,0.00,0.00,0.00,0.00,0.00,0.00,0.00,0.00,0.00,0.00,0.00,0.00,0.00,0.00,0.00
227907,MANOR ISD,0.00,0.00,0.00,0.00,0.00,0.00,6625176.00,5206277.00,7307769.00,7214354.00,5047270.00,900804.00,0.00,0.00,0.00,0.00,0.00,0.00,0.00,0.00,0.00
027904,MARBLE FALLS ISD,0.00,0.00,0.00,0.00,0.00,0.00,0.00,0.00,0.00,0.00,0.00,1771362.00,2848916.00,3262031.00,2423954.00,5138036.00,2663200.00,3864796.00,5223555.00,4389731.00,3388265.00
094904,MARION ISD,0.00,0.00,0.00,0.00,0.00,0.00,0.00,0.00,0.00,0.00,0.00,0.00,0.00,0.00,0.00,0.00,0.00,0.00,0.00,23565.00,29650.00
102902,MARSHALL ISD,0.00,0.00,0.00,0.00,0.00,0.00,0.00,0.00,0.00,0.00,0.00,0.00,0.00,0.00,0.00,0.00,0.00,0.00,0.00,0.00,0.00
158904,MATAGORDA ISD,0.00,0.00,0.00,0.00,0.00,0.00,0.00,248100.00,0.00,182640.00,323225.00,961108.00,1362266.00,1625665.00,1342875.00,1603483.00,1354409.00,1507297.00,1317306.00,1139431.00,895828.00
025905,MAY ISD,0.00,0.00,0.00,0.00,0.00,0.00,0.00,0.00,0.00,0.00,0.00,0.00,0.00,0.00,0.00,0.00,0.00,0.00,16994.00,16517.00,8902.00
231901,MCCAMEY ISD,0.00,1258534.00,559968.00,386418.00,385539.00,866662.00,0.00,0.00,617514.00,4395707.00,5614966.00,7126840.00,9776781.00,12485873.00,10995908.00,12341825.00,10458821.00,10900608.00,9893382.00,10181580.00,8916259.00
043907,MCKINNEY ISD,0.00,0.00,0.00,0.00,0.00,0.00,0.00,0.00,0.00,0.00,0.00,0.00,0.00,0.00,0.00,0.00,0.00,0.00,0.00,0.00,0.00
090903,MCLEAN ISD,0.00,0.00,0.00,0.00,0.00,0.00,0.00,0.00,0.00,0.00,0.00,0.00,0.00,0.00,105674.00,0.00,0.00,0.00,0.00,0.00,0.00
162904,MCMULLEN COUNTY ISD,0.00,1498628.00,553776.00,422923.00,816102.00,1760384.00,1260475.00,1224653.00,1048088.00,1383910.00,1223818.00,904210.00,2918128.00,3505051.00,2385094.00,2744349.00,2501042.00,2244804.00,2688865.00,7111716.00,19748711.00
010901,MEDINA ISD,0.00,0.00,0.00,0.00,0.00,0.00,0.00,0.00,0.00,0.00,0.00,0.00,0.00,0.00,0.00,0.00,0.00,0.00,0.00,25584.00,29815.00
062906,MEYERSVILLE ISD,0.00,0.00,0.00,0.00,0.00,0.00,0.00,0.00,0.00,0.00,0.00,0.00,0.00,0.00,0.00,0.00,0.00,0.00,0.00,0.00,0.00
197902,MIAMI ISD,0.00,0.00,1329314.00,1008211.00,0.00,1573139.00,1586392.00,1768450.00,1949604.00,3232635.00,2672792.00,3790601.00,4827766.00,6769829.00,5792464.00,6991629.00,6316952.00,6096212.00,5320916.00,5946520.00,7076892.00
165901,MIDLAND ISD,0.00,0.00,0.00,0.00,0.00,0.00,0.00,0.00,0.00,0.00,0.00,0.00,0.00,0.00,0.00,0.00,0.00,0.00,0.00,0.00,15125575.00
039905,MIDWAY ISD,0.00,0.00,0.00,0.00,0.00,0.00,0.00,0.00,0.00,0.00,0.00,0.00,0.00,0.00,0.00,0.00,0.00,0.00,0.00,0.00,0.00
161903,MIDWAY ISD,0.00,0.00,0.00,0.00,0.00,0.00,0.00,0.00,0.00,0.00,0.00,592158.00,3288191.00,2549053.00,548154.00,1646060.00,435005.00,480105.00,698033.00,679291.00,684457.00
175910,MILDRED ISD,0.00,0.00,0.00,0.00,0.00,0.00,0.00,0.00,0.00,0.00,0.00,0.00,0.00,0.00,0.00,0.00,14814.00,41359.00,51873.00,58616.00,55414.00
184904,MILLSAP ISD,0.00,0.00,0.00,0.00,0.00,0.00,0.00,0.00,0.00,0.00,0.00,0.00,0.00,0.00,0.00,0.00,0.00,0.00,0.00,0.00,0.00
238902,MONAHANS-WICKETT-PYOTE ISD,0.00,0.00,0.00,0.00,0.00,0.00,0.00,0.00,0.00,0.00,0.00,0.00,895756.00,2970894.00,3414354.00,3728060.00,1564550.00,532708.00,1781938.00,0.00,3022484.00
169908,MONTAGUE ISD,0.00,0.00,0.00,0.00,0.00,0.00,0.00,0.00,0.00,0.00,0.00,0.00,0.00,0.00,0.00,0.00,0.00,0.00,0.00,0.00,0.00
170903,MONTGOMERY ISD,0.00,0.00,0.00,0.00,0.00,0.00,0.00,0.00,0.00,0.00,805727.00,1678554.00,2691570.00,1760132.00,53000.00,2015708.00,74717.00,101859.00,138885.00,119630.00,107935.00
209902,MORAN ISD,0.00,0.00,0.00,0.00,0.00,0.00,0.00,0.00,0.00,0.00,0.00,0.00,0.00,0.00,0.00,0.00,0.00,0.00,0.00,0.00,0.00
072910,MORGAN MILL ISD,0.00,0.00,0.00,0.00,0.00,0.00,0.00,0.00,0.00,0.00,0.00,0.00,0.00,0.00,1058.00,6989.00,16468.00,13796.00,13027.00,9955.00,14796.00
225902,MOUNT PLEASANT ISD,0.00,0.00,0.00,0.00,0.00,0.00,0.00,0.00,0.00,0.00,0.00,0.00,0.00,0.00,0.00,0.00,0.00,0.00,0.00,0.00,0.00
080901,MOUNT VERNON ISD,0.00,0.00,0.00,0.00,0.00,0.00,0.00,0.00,0.00,0.00,0.00,0.00,0.00,0.00,115889.00,619691.00,48828.00,62923.00,62392.00,53592.00,53534.00
049902,MUENSTER ISD,0.00,0.00,0.00,0.00,0.00,0.00,0.00,0.00,0.00,0.00,0.00,0.00,0.00,0.00,0.00,0.00,32289.00,845984.00,38069.00,44496.00,307493.00
198906,MUMFORD ISD,0.00,0.00,0.00,0.00,0.00,0.00,0.00,0.00,0.00,0.00,0.00,0.00,0.00,0.00,0.00,0.00,0.00,0.00,0.00,0.00,0.00
093904,NAVASOTA ISD,0.00,0.00,0.00,0.00,0.00,0.00,0.00,0.00,0.00,0.00,0.00,0.00,0.00,0.00,0.00,0.00,0.00,0.00,0.00,0.00,0.00
046901,NEW BRAUNFELS ISD,0.00,0.00,0.00,0.00,0.00,0.00,0.00,0.00,0.00,0.00,0.00,0.00,0.00,0.00,0.00,0.00,0.00,0.00,0.00,0.00,0.00
062902,NORDHEIM ISD,0.00,0.00,0.00,0.00,0.00,0.00,0.00,0.00,0.00,0.00,0.00,0.00,0.00,0.00,0.00,188872.00,467340.00,111787.00,276274.00,791886.00,2815065.00
145906,NORMANGEE ISD,0.00,0.00,0.00,0.00,0.00,0.00,0.00,0.00,0.00,0.00,0.00,0.00,0.00,0.00,0.00,0.00,0.00,0.00,0.00,374183.00,0.00
015910,NORTH EAST ISD,0.00,0.00,0.00,0.00,0.00,0.00,0.00,0.00,0.00,0.00,0.00,0.00,0.00,0.00,0.00,0.00,0.00,0.00,0.00,0.00,0.00
154903,NORTH ZULCH ISD,0.00,0.00,0.00,0.00,0.00,0.00,0.00,0.00,0.00,0.00,0.00,0.00,0.00,0.00,0.00,0.00,0.00,0.00,0.00,0.00,874279.00
244905,NORTHSIDE ISD,0.00,0.00,0.00,0.00,0.00,0.00,0.00,0.00,0.00,0.00,0.00,0.00,0.00,0.00,0.00,0.00,0.00,0.00,0.00,0.00,0.00
061911,NORTHWEST ISD,0.00,0.00,0.00,0.00,0.00,0.00,0.00,2857393.00,8461555.00,14345359.00,19269010.00,27546696.00,33060736.00,35009219.00,28132904.00,33940599.00,25367292.00,23269191.00,19679571.00,11338872.00,0.00
042906,NOVICE ISD,0.00,0.00,0.00,0.00,0.00,0.00,0.00,0.00,0.00,0.00,0.00,0.00,0.00,0.00,0.00,0.00,0.00,0.00,0.00,0.00,0.00
069902,NUECES CANYON CISD,0.00,0.00,0.00,0.00,0.00,0.00,0.00,0.00,0.00,0.00,0.00,0.00,0.00,0.00,0.00,0.00,0.00,0.00,34709.00,40872.00,29378.00
235904,NURSERY ISD,0.00,0.00,0.00,0.00,0.00,0.00,0.00,0.00,0.00,0.00,111389.00,744435.00,1362878.00,1124335.00,835681.00,814272.00,773746.00,789190.00,799881.00,959473.00,1080141.00
145907,OAKWOOD ISD,0.00,0.00,0.00,0.00,0.00,0.00,0.00,0.00,0.00,0.00,0.00,0.00,0.00,0.00,0.00,0.00,0.00,178589.00,172547.00,75329.00,127462.00
252903,OLNEY ISD,0.00,0.00,0.00,0.00,0.00,0.00,0.00,0.00,0.00,0.00,0.00,0.00,0.00,0.00,0.00,0.00,0.00,0.00,0.00,0.00,100310.00
051901,PADUCAH ISD,0.00,0.00,0.00,0.00,0.00,0.00,0.00,0.00,0.00,0.00,0.00,0.00,0.00,0.00,0.00,0.00,0.00,2382.00,0.00,0.00,0.00
104907,PAINT CREEK ISD,0.00,0.00,0.00,0.00,0.00,0.00,0.00,0.00,0.00,0.00,0.00,0.00,0.00,0.00,0.00,0.00,0.00,0.00,0.00,0.00,0.00
048903,PAINT ROCK ISD,0.00,0.00,0.00,0.00,0.00,0.00,0.00,0.00,0.00,0.00,0.00,0.00,0.00,0.00,0.00,0.00,0.00,0.00,0.00,0.00,0.00
158905,PALACIOS ISD,0.00,30825336.00,27505638.00,25605412.00,22874359.00,21120436.00,20301694.00,6489618.00,6044649.00,7872254.00,6452916.00,5857218.00,4639944.00,4439039.00,5389875.00,6381737.00,4990641.00,5220814.00,5474497.00,4405716.00,3120712.00
182906,PALO PINTO ISD,0.00,0.00,0.00,0.00,0.00,821548.00,1211499.00,1667529.00,1397142.00,1762323.00,1966450.00,2606332.00,3072172.00,3459947.00,2792724.00,3081153.00,3267849.00,3613942.00,3563073.00,3181094.00,3570935.00
033902,PANHANDLE ISD,0.00,0.00,0.00,0.00,0.00,0.00,0.00,0.00,0.00,0.00,0.00,0.00,0.00,0.00,0.00,0.00,0.00,401996.00,502380.00,0.00,0.00
042905,PANTHER CREEK CISD,0.00,0.00,0.00,0.00,0.00,0.00,0.00,0.00,0.00,0.00,0.00,0.00,0.00,0.00,0.00,0.00,0.00,0.00,7832.00,4585.00,7506.00
013902,PAWNEE ISD,0.00,0.00,0.00,0.00,0.00,0.00,0.00,0.00,0.00,298347.00,501403.00,513986.00,1063555.00,1120838.00,877861.00,1037625.00,1039697.00,608440.00,418517.00,512372.00,969960.00
195901,PECOS-BARSTOW-TOYAH ISD,0.00,0.00,0.00,0.00,0.00,0.00,0.00,0.00,0.00,0.00,0.00,0.00,0.00,0.00,0.00,0.00,0.00,0.00,0.00,0.00,4881827.00
119903,PERRIN-WHITT CISD,0.00,0.00,0.00,0.00,0.00,0.00,0.00,0.00,0.00,0.00,0.00,0.00,0.00,0.00,0.00,0.00,553080.00,1013859.00,939988.00,597286.00,583405.00
179901,PERRYTON ISD,0.00,0.00,0.00,0.00,0.00,0.00,0.00,0.00,0.00,0.00,0.00,0.00,0.00,0.00,0.00,0.00,0.00,0.00,0.00,0.00,0.00
251902,PLAINS ISD,0.00,4671503.00,1993140.00,1682265.00,1542959.00,1548162.00,92475.00,226856.00,740867.00,3133679.00,2370983.00,2179387.00,3424471.00,5090301.00,4449782.00,5733771.00,4622828.00,4318045.00,5554514.00,7207046.00,6537382.00
043910,PLANO ISD,0.00,13886715.00,13727726.00,21471692.00,22093656.00,39463204.00,52694271.00,74500031.00,89754766.00,115604927.00,128709819.00,129131484.00,132524444.00,127645786.00,80992328.00,89344707.00,33623548.00,24037969.00,40685155.00,30382752.00,34596944.00
019912,PLEASANT GROVE ISD,0.00,0.00,0.00,0.00,0.00,0.00,0.00,0.00,0.00,0.00,0.00,0.00,0.00,0.00,0.00,0.00,0.00,16268.00,46871.00,19709.00,12922.00
117904,PLEMONS-STINNETT-PHILLIPS CISD,3626192.00,3833987.00,3557573.00,3276658.00,3248093.00,3505395.00,4183398.00,6241065.00,6359106.00,5868582.00,6108916.00,6319774.00,7075148.00,8067780.00,8979018.00,8587065.00,6092258.00,4980783.00,5313380.00,6273104.00,6054666.00
031909,POINT ISABEL ISD,0.00,0.00,0.00,0.00,0.00,1017953.00,1048140.00,2121259.00,2844915.00,4517014.00,6271825.00,9545041.00,13382888.00,14877330.00,14248423.00,19064616.00,16852669.00,17400195.00,18526381.00,18389377.00,16466128.00
061906,PONDER ISD,0.00,0.00,0.00,0.00,0.00,0.00,0.00,0.00,0.00,0.00,0.00,596784.00,1956693.00,3025060.00,2680176.00,2611308.00,1757226.00,1848516.00,1528281.00,866538.00,0.00
178908,PORT ARANSAS ISD,0.00,0.00,2286002.00,708542.00,1701423.00,1588490.00,1741227.00,2460437.00,2917728.00,5126229.00,6109433.00,7823358.00,9384653.00,12468061.00,12395525.00,14756434.00,13019029.00,11813943.00,12077596.00,11246666.00,12556873.00
123907,PORT ARTHUR ISD,0.00,0.00,0.00,0.00,0.00,0.00,0.00,0.00,0.00,0.00,0.00,0.00,0.00,0.00,0.00,0.00,0.00,0.00,0.00,0.00,0.00
123908,PORT NECHES-GROVES ISD,0.00,0.00,0.00,0.00,0.00,644495.00,0.00,0.00,3900676.00,7962123.00,11698540.00,13024415.00,12998998.00,10783732.00,8560751.00,10042210.00,5503360.00,1194672.00,1662924.00,0.00,0.00
085902,POST ISD,0.00,0.00,0.00,0.00,0.00,0.00,0.00,0.00,0.00,0.00,0.00,0.00,0.00,0.00,17981.00,1048420.00,1249708.00,1049981.00,1756795.00,1824911.00,1550781.00
091913,POTTSBORO ISD,0.00,0.00,0.00,0.00,0.00,0.00,0.00,0.00,0.00,0.00,0.00,0.00,0.00,0.00,0.00,8397.00,21477.00,19863.00,28825.00,25224.00,25030.00
028906,PRAIRIE LEA ISD,0.00,0.00,0.00,0.00,0.00,0.00,0.00,0.00,0.00,0.00,0.00,0.00,0.00,0.00,0.00,0.00,0.00,0.00,0.00,0.00,46320.00
169909,PRAIRIE VALLEY ISD,0.00,0.00,0.00,0.00,0.00,0.00,0.00,0.00,0.00,0.00,0.00,0.00,0.00,0.00,27559.00,191367.00,180437.00,142830.00,195536.00,203523.00,375491.00
098903,PRINGLE-MORSE CISD,388751.00,292162.00,186834.00,155537.00,233593.00,390488.00,357899.00,247994.00,0.00,0.00,90531.00,191142.00,839301.00,1080225.00,916890.00,1068824.00,1188851.00,1159063.00,1165349.00,1288774.00,952370.00
043912,PROSPER ISD,0.00,0.00,0.00,0.00,0.00,0.00,0.00,0.00,0.00,0.00,0.00,0.00,0.00,0.00,142687.00,1689840.00,314467.00,121752.00,186798.00,0.00,0.00
066005,RAMIREZ CSD,0.00,0.00,0.00,0.00,0.00,0.00,0.00,0.00,0.00,0.00,0.00,0.00,0.00,0.00,0.00,0.00,0.00,0.00,0.00,0.00,0.00
231902,RANKIN ISD,742193.00,1084821.00,726115.00,864221.00,1036160.00,1918997.00,1058850.00,1198867.00,1828977.00,3124903.00,3308602.00,3850366.00,6667278.00,10706519.00,11911428.00,15416526.00,17206888.00,21546425.00,22843244.00,33466670.00,32001893.00
192901,REAGAN COUNTY ISD,0.00,0.00,0.00,0.00,0.00,0.00,0.00,0.00,0.00,756726.00,308348.00,0.00,3573661.00,6474901.00,6781318.00,8999549.00,8295800.00,8997148.00,11488784.00,17346602.00,18260031.00
019911,RED LICK ISD,0.00,0.00,0.00,0.00,0.00,0.00,0.00,0.00,0.00,0.00,0.00,0.00,0.00,0.00,0.00,0.00,0.00,0.00,0.00,0.00,0.00
196903,REFUGIO ISD,0.00,0.00,0.00,0.00,0.00,0.00,0.00,0.00,0.00,439532.00,0.00,0.00,0.00,0.00,331457.00,136581.00,16382.00,16907.00,695411.00,18440.00,381051.00
045903,RICE CISD,0.00,0.00,0.00,0.00,0.00,0.00,0.00,0.00,0.00,0.00,0.00,0.00,0.00,0.00,0.00,0.00,4577.00,0.00,0.00,0.00,0.00
093905,RICHARDS ISD,0.00,0.00,0.00,0.00,0.00,0.00,0.00,0.00,0.00,0.00,0.00,0.00,0.00,0.00,0.00,210051.00,391811.00,408089.00,356614.00,183725.00,21024.00
057916,RICHARDSON ISD,0.00,0.00,0.00,0.00,0.00,28359064.00,25249592.00,29898385.00,42711998.00,48139972.00,55878812.00,47080990.00,37764487.00,35199972.00,12389322.00,7565940.00,0.00,0.00,0.00,0.00,0.00
161912,RIESEL ISD,0.00,0.00,0.00,0.00,0.00,0.00,0.00,0.00,0.00,0.00,0.00,0.00,0.00,0.00,0.00,0.00,0.00,0.00,0.00,1886722.00,978814.00
137903,RIVIERA ISD,0.00,0.00,0.00,0.00,0.00,0.00,0.00,0.00,0.00,0.00,0.00,0.00,0.00,0.00,0.00,0.00,0.00,0.00,0.00,0.00,0.00
041902,ROBERT LEE ISD,0.00,0.00,0.00,0.00,0.00,0.00,0.00,0.00,0.00,0.00,0.00,0.00,0.00,0.00,0.00,0.00,0.00,798483.00,672764.00,254318.00,454808.00
166904,ROCKDALE ISD,0.00,0.00,0.00,0.00,0.00,0.00,0.00,0.00,0.00,0.00,0.00,0.00,0.00,0.00,0.00,0.00,0.00,0.00,1297828.00,465846.00,0.00
069901,ROCKSPRINGS ISD,0.00,0.00,0.00,0.00,0.00,0.00,0.00,0.00,0.00,0.00,0.00,0.00,0.00,0.00,460214.00,533599.00,265370.00,436589.00,337468.00,162476.00,0.00
199901,ROCKWALL ISD,0.00,0.00,0.00,0.00,0.00,0.00,0.00,0.00,0.00,0.00,0.00,0.00,0.00,0.00,0.00,0.00,0.00,0.00,0.00,0.00,0.00
177901,ROSCOE COLLEGIATE ISD,0.00,0.00,0.00,0.00,0.00,0.00,0.00,0.00,0.00,0.00,0.00,0.00,0.00,0.00,0.00,0.00,0.00,372002.00,0.00,0.00,0.00
246909,ROUND ROCK ISD,0.00,0.00,0.00,0.00,0.00,0.00,0.00,0.00,0.00,4431585.00,11808809.00,7088389.00,9181740.00,0.00,0.00,10717120.00,0.00,0.00,0.00,0.00,0.00
075908,ROUND TOP-CARMINE ISD,0.00,0.00,1149425.00,1184824.00,1293341.00,1506185.00,1010813.00,1050208.00,1400449.00,1662845.00,1468144.00,1612108.00,1947656.00,2131570.00,1761258.00,1868315.00,1518157.00,1312698.00,1288805.00,1195369.00,1175532.00
128903,RUNGE ISD,0.00,0.00,0.00,0.00,0.00,0.00,0.00,0.00,0.00,0.00,0.00,0.00,0.00,0.00,0.00,0.00,0.00,0.00,0.00,0.00,1880971.00
123913,SABINE PASS ISD,0.00,1720374.00,1318232.00,0.00,0.00,4245787.00,5190819.00,5084584.00,4873470.00,3752290.00,3164681.00,3123345.00,3605409.00,3347237.00,2811213.00,4452437.00,3583566.00,2626510.00,3214975.00,2785947.00,2483440.00
169911,SAINT JO ISD,0.00,0.00,0.00,0.00,0.00,0.00,0.00,0.00,0.00,0.00,0.00,0.00,0.00,0.00,0.00,0.00,14859.00,30934.00,46775.00,185955.00,468604.00
014908,SALADO ISD,0.00,0.00,0.00,0.00,0.00,0.00,0.00,0.00,0.00,0.00,0.00,0.00,0.00,0.00,0.00,0.00,12132.00,16607.00,28864.00,38814.00,21182.00
044904,SAMNORWOOD ISD,0.00,0.00,0.00,0.00,0.00,0.00,0.00,0.00,0.00,0.00,0.00,0.00,0.00,0.00,0.00,0.00,0.00,0.00,0.00,0.00,0.00
203901,SAN AUGUSTINE ISD,0.00,0.00,0.00,0.00,0.00,0.00,0.00,0.00,0.00,0.00,0.00,0.00,0.00,0.00,0.00,0.00,0.00,0.00,0.00,0.00,59031.00
214902,SAN ISIDRO ISD,0.00,0.00,0.00,0.00,0.00,0.00,0.00,0.00,0.00,1667691.00,1403356.00,1120056.00,2408842.00,2320830.00,1260058.00,1021360.00,464098.00,482154.00,610981.00,188946.00,0.00
105902,SAN MARCOS CISD,0.00,0.00,0.00,0.00,0.00,0.00,0.00,0.00,0.00,0.00,0.00,0.00,0.00,0.00,0.00,0.00,0.00,0.00,0.00,0.00,0.00
058909,SANDS CISD,0.00,0.00,0.00,0.00,0.00,0.00,0.00,0.00,0.00,0.00,0.00,0.00,0.00,163323.00,265698.00,333895.00,480235.00,1045283.00,3382262.00,6881142.00,8046248.00
137904,SANTA GERTRUDIS ISD,888513.00,506005.00,0.00,209804.00,0.00,0.00,0.00,0.00,0.00,0.00,0.00,0.00,0.00,369541.00,47059.00,0.00,0.00,0.00,0.00,0.00,0.00
182904,SANTO ISD,0.00,0.00,0.00,0.00,0.00,0.00,0.00,0.00,0.00,0.00,0.00,0.00,0.00,0.00,0.00,0.00,0.00,11603.00,11855.00,14200.00,24166.00
207901,SCHLEICHER ISD,0.00,0.00,0.00,0.00,0.00,0.00,0.00,0.00,0.00,0.00,0.00,0.00,0.00,0.00,0.00,45130.00,105008.00,22108.00,91460.00,19138.00,122623.00
075903,SCHULENBURG ISD,0.00,0.00,0.00,0.00,0.00,0.00,0.00,0.00,0.00,0.00,0.00,0.00,0.00,0.00,0.00,0.00,0.00,0.00,11315.00,20386.00,18426.00
083903,SEMINOLE ISD,0.00,12005932.00,8771213.00,8313484.00,9296816.00,9118607.00,5815379.00,5454128.00,8233628.00,9778864.00,9056484.00,10765893.00,14480419.00,19114567.00,17658269.00,24119655.00,20866673.00,20291364.00,24197827.00,28844706.00,26967652.00
242902,SHAMROCK ISD,0.00,0.00,0.00,0.00,0.00,0.00,0.00,0.00,0.00,0.00,0.00,0.00,0.00,0.00,0.00,0.00,0.00,0.00,0.00,0.00,0.00
101924,SHELDON ISD,0.00,0.00,0.00,0.00,0.00,2158794.00,558325.00,0.00,0.00,0.00,2679162.00,107596.00,0.00,0.00,763027.00,4912458.00,0.00,4675001.00,1927982.00,344382.00,1559677.00
049909,SIVELLS BEND ISD,0.00,0.00,0.00,0.00,0.00,0.00,0.00,0.00,0.00,0.00,201370.00,244617.00,397311.00,485743.00,386618.00,482703.00,430268.00,399449.00,515461.00,561855.00,529918.00
249908,SLIDELL ISD,0.00,0.00,0.00,0.00,0.00,0.00,0.00,0.00,0.00,0.00,0.00,0.00,0.00,0.00,0.00,158424.00,181597.00,57205.00,304348.00,461863.00,811545.00
208902,SNYDER ISD,0.00,0.00,0.00,0.00,0.00,0.00,0.00,0.00,0.00,0.00,0.00,0.00,2764630.00,9210587.00,8929364.00,13414636.00,9366150.00,6598318.00,7662753.00,9252990.00,12852981.00
218901,SONORA ISD,0.00,0.00,0.00,0.00,0.00,0.00,0.00,0.00,0.00,0.00,1479096.00,1581515.00,6449128.00,9611345.00,8318363.00,10218986.00,7686370.00,5001082.00,2918335.00,947582.00,199889.00
085903,SOUTHLAND ISD,0.00,0.00,0.00,0.00,0.00,0.00,0.00,0.00,0.00,0.00,0.00,0.00,0.00,0.00,0.00,0.00,0.00,0.00,0.00,0.00,0.00
098904,SPEARMAN ISD,0.00,0.00,0.00,0.00,0.00,0.00,0.00,0.00,0.00,0.00,0.00,0.00,0.00,0.00,0.00,0.00,0.00,0.00,0.00,0.00,0.00
101920,SPRING BRANCH ISD,0.00,0.00,0.00,0.00,0.00,0.00,0.00,0.00,0.00,0.00,2787195.00,12702958.00,17823532.00,18664604.00,6455903.00,5180322.00,0.00,2642844.00,6120709.00,0.00,0.00
117907,SPRING CREEK ISD,0.00,0.00,0.00,0.00,0.00,0.00,0.00,0.00,0.00,0.00,0.00,0.00,0.00,0.00,0.00,0.00,0.00,12035.00,17543.00,0.00,13357.00
063903,SPUR ISD,0.00,0.00,0.00,0.00,0.00,0.00,0.00,0.00,0.00,0.00,0.00,0.00,0.00,0.00,127026.00,639221.00,800976.00,891810.00,317440.00,0.00,0.00
079910,STAFFORD MSD,0.00,0.00,0.00,0.00,0.00,1642940.00,1833553.00,2849018.00,4658864.00,5827935.00,6280664.00,5708524.00,5628958.00,5717246.00,3934889.00,4778711.00,1812548.00,1611518.00,1739971.00,253981.00,0.00
156902,STANTON ISD,0.00,0.00,0.00,0.00,0.00,0.00,0.00,0.00,0.00,0.00,0.00,0.00,0.00,0.00,0.00,0.00,0.00,1228902.00,3129988.00,6251681.00,10631781.00
216901,STERLING CITY ISD,0.00,2536757.00,797447.00,368980.00,228679.00,388897.00,171502.00,0.00,207959.00,1274605.00,1313321.00,2130389.00,3624758.00,4803812.00,4075668.00,9784095.00,11775522.00,6594250.00,3734579.00,2196730.00,1771348.00
211902,STRATFORD ISD,0.00,0.00,0.00,0.00,0.00,0.00,0.00,0.00,0.00,0.00,0.00,0.00,0.00,336974.00,204790.00,18479.00,38761.00,46258.00,71387.00,40057.00,43980.00
140908,SUDAN ISD,3558372.00,3443064.00,3252849.00,3012590.00,3205095.00,3058047.00,2937574.00,2777271.00,2509256.00,1783439.00,1766262.00,1686043.00,1584510.00,1236959.00,804493.00,771641.00,24489.00,22739.00,38063.00,78190.00,70807.00
110907,SUNDOWN ISD,4805427.00,3129099.00,1807476.00,1997247.00,2933329.00,2507944.00,0.00,0.00,552821.00,3696774.00,3345901.00,3732689.00,4972140.00,7650763.00,7381459.00,9459539.00,8143249.00,8260675.00,8806389.00,10019378.00,9943153.00
057919,SUNNYVALE ISD,0.00,0.00,170100.00,226791.00,0.00,0.00,0.00,370701.00,634358.00,773145.00,1801413.00,2647720.00,2637751.00,2882234.00,1769649.00,1628815.00,281019.00,165308.00,823675.00,76793.00,0.00
171902,SUNRAY ISD,0.00,0.00,0.00,0.00,0.00,0.00,0.00,0.00,0.00,0.00,0.00,0.00,0.00,386540.00,317107.00,207405.00,214092.00,379712.00,318600.00,11172.00,12844.00
020906,SWEENY ISD,0.00,0.00,0.00,0.00,0.00,3735572.00,4369228.00,5247793.00,7705294.00,10895481.00,11188786.00,10224640.00,9508511.00,9096145.00,6633378.00,6257901.00,3223635.00,2103962.00,1703279.00,1054608.00,936183.00
143905,SWEET HOME ISD,0.00,0.00,0.00,0.00,0.00,0.00,0.00,0.00,0.00,0.00,0.00,0.00,0.00,0.00,0.00,0.00,0.00,0.00,0.00,0.00,0.00
201910,TATUM ISD,0.00,0.00,2181781.00,2165334.00,2204699.00,1884723.00,1290888.00,1570424.00,6339291.00,9159568.00,9196914.00,9450393.00,11600917.00,12057520.00,8059884.00,8574508.00,8681745.00,8952041.00,6219418.00,4397325.00,2813988.00
081904,TEAGUE ISD,0.00,0.00,0.00,0.00,0.00,0.00,0.00,0.00,0.00,2153273.00,3441777.00,4161296.00,11674250.00,15793305.00,10912064.00,11884554.00,12540248.00,9669987.00,7031243.00,4872817.00,2619191.00
222901,TERRELL COUNTY ISD,0.00,187693.00,553309.00,899015.00,1142105.00,1734224.00,1574141.00,1621760.00,1525538.00,2569495.00,3004020.00,3593183.00,5975126.00,8186680.00,7792135.00,7274308.00,6088215.00,4937816.00,4011030.00,3163699.00,2542007.00
084906,TEXAS CITY ISD,13175259.00,12937200.00,12236069.00,11360998.00,0.00,11767743.00,10203861.00,7675467.00,6239655.00,2391305.00,1885824.00,3691576.00,8723025.00,14125782.00,11699984.00,13456632.00,12008535.00,6530270.00,4919397.00,3187178.00,3789083.00
211901,TEXHOMA ISD,0.00,0.00,0.00,0.00,0.00,0.00,60158.00,74623.00,0.00,420682.00,364261.00,175776.00,299202.00,486215.00,586327.00,818991.00,666806.00,564808.00,798836.00,365060.00,210146.00
056902,TEXLINE ISD,0.00,0.00,0.00,0.00,0.00,0.00,0.00,0.00,0.00,0.00,0.00,0.00,0.00,0.00,0.00,0.00,0.00,0.00,0.00,0.00,16702.00
149902,THREE RIVERS ISD,0.00,0.00,0.00,0.00,0.00,0.00,24513.00,0.00,0.00,0.00,0.00,0.00,0.00,0.00,247856.00,817639.00,372246.00,844807.00,1185230.00,6156956.00,13045634.00
072901,THREE WAY ISD,0.00,0.00,0.00,0.00,0.00,0.00,0.00,0.00,0.00,0.00,0.00,0.00,0.00,0.00,0.00,0.00,14091.00,4789.00,7148.00,6955.00,8160.00
224901,THROCKMORTON ISD,0.00,0.00,0.00,0.00,0.00,0.00,0.00,0.00,0.00,0.00,0.00,0.00,0.00,0.00,0.00,0.00,0.00,0.00,0.00,0.00,0.00
158902,TIDEHAVEN ISD,0.00,0.00,0.00,0.00,0.00,0.00,0.00,0.00,0.00,0.00,0.00,0.00,0.00,0.00,376313.00,491334.00,779208.00,2678652.00,6113323.00,7333992.00,5130611.00
091907,TIOGA ISD,0.00,0.00,0.00,0.00,0.00,0.00,0.00,0.00,0.00,0.00,0.00,0.00,0.00,0.00,0.00,0.00,0.00,0.00,0.00,0.00,0.00
101921,TOMBALL ISD,0.00,0.00,0.00,0.00,0.00,0.00,0.00,0.00,0.00,0.00,0.00,0.00,0.00,0.00,0.00,9669.00,0.00,0.00,0.00,0.00,0.00
221905,TRENT ISD,0.00,0.00,0.00,0.00,0.00,0.00,0.00,0.00,0.00,0.00,507348.00,409573.00,405449.00,227767.00,0.00,0.00,7217.00,349603.00,173322.00,0.00,47337.00
212904,TROUP ISD,0.00,0.00,0.00,0.00,0.00,0.00,0.00,0.00,0.00,0.00,0.00,0.00,0.00,0.00,0.00,0.00,0.00,0.00,0.00,0.00,0.00
178912,TULOSO-MIDWAY ISD,0.00,690255.00,548853.00,246345.00,0.00,0.00,0.00,0.00,0.00,0.00,0.00,0.00,0.00,0.00,0.00,0.00,0.00,28390.00,2374.00,21830.00,0.00
232904,UTOPIA ISD,0.00,0.00,0.00,0.00,0.00,0.00,0.00,0.00,0.00,0.00,0.00,0.00,0.00,0.00,1277.00,4765.00,13734.00,20130.00,78334.00,24185.00,24300.00
158906,VAN VLECK ISD,0.00,0.00,0.00,0.00,0.00,0.00,0.00,0.00,0.00,0.00,0.00,0.00,0.00,0.00,0.00,0.00,7214.00,29448.00,31405.00,19621.00,14172.00
143904,VYSEHRAD ISD,0.00,0.00,0.00,0.00,0.00,0.00,0.00,0.00,0.00,0.00,28515.00,0.00,0.00,0.00,39435.00,37820.00,8731.00,12007.00,0.00,0.00,0.00
049908,WALNUT BEND ISD,0.00,0.00,0.00,0.00,0.00,0.00,0.00,0.00,0.00,0.00,0.00,0.00,0.00,0.00,0.00,0.00,0.00,0.00,0.00,0.00,0.00
102903,WASKOM ISD,0.00,0.00,0.00,0.00,0.00,0.00,0.00,0.00,0.00,0.00,0.00,0.00,0.00,0.00,0.00,0.00,0.00,0.00,0.00,0.00,0.00
070912,WAXAHACHIE ISD,0.00,0.00,0.00,0.00,0.00,0.00,0.00,0.00,0.00,0.00,0.00,0.00,0.00,0.00,0.00,0.00,0.00,0.00,0.00,0.00,0.00
184903,WEATHERFORD ISD,0.00,0.00,0.00,0.00,0.00,0.00,0.00,0.00,0.00,0.00,0.00,0.00,0.00,0.00,0.00,0.00,0.00,490881.00,467387.00,500988.00,418692.00
240904,WEBB CISD,2633783.00,1053016.00,1184265.00,0.00,0.00,0.00,101928.00,18056.00,775837.00,3006123.00,5312943.00,5538046.00,8247595.00,12812436.00,8910352.00,9367402.00,8021893.00,7736827.00,7024496.00,4158819.00,3573822.00
045905,WEIMAR ISD,0.00,0.00,0.00,0.00,0.00,0.00,0.00,0.00,0.00,0.00,0.00,0.00,0.00,0.00,0.00,0.00,0.00,0.00,0.00,677.00,519.00
223904,WELLMAN-UNION CISD,0.00,0.00,0.00,0.00,0.00,0.00,0.00,0.00,0.00,0.00,0.00,0.00,0.00,0.00,0.00,0.00,9638.00,17228.00,43526.00,20374.00,474896.00
181906,WEST ORANGE-COVE CISD,1345037.00,0.00,0.00,4288479.00,4925004.00,4747828.00,3973026.00,6424755.00,8375497.00,7647831.00,7412403.00,6390940.00,5740515.00,5439881.00,2400066.00,1743859.00,476105.00,0.00,769683.00,1862605.00,1758678.00
201914,WEST RUSK COUNTY CONSOLIDATED ISD,0.00,0.00,0.00,0.00,0.00,0.00,0.00,0.00,0.00,0.00,0.00,0.00,0.00,0.00,0.00,0.00,0.00,0.00,0.00,0.00,0.00
168903,WESTBROOK ISD,0.00,0.00,0.00,0.00,0.00,0.00,0.00,0.00,0.00,161365.00,0.00,0.00,0.00,410269.00,1120515.00,1376129.00,1439125.00,1643379.00,2797322.00,3804815.00,3649117.00
062905,WESTHOFF ISD,0.00,0.00,0.00,0.00,0.00,0.00,0.00,0.00,0.00,0.00,0.00,0.00,0.00,0.00,0.00,0.00,0.00,0.00,0.00,1319170.00,11746442.00
073904,WESTPHALIA ISD,0.00,0.00,0.00,0.00,0.00,0.00,0.00,0.00,0.00,0.00,0.00,0.00,0.00,0.00,0.00,0.00,0.00,0.00,0.00,0.00,0.00
242903,WHEELER ISD,0.00,0.00,0.00,0.00,0.00,0.00,0.00,0.00,0.00,0.00,0.00,0.00,0.00,0.00,0.00,0.00,0.00,0.00,0.00,0.00,0.00
033904,WHITE DEER ISD,187409.00,0.00,0.00,0.00,0.00,71098.00,0.00,0.00,76158.00,207455.00,1486063.00,1274768.00,1687375.00,2111318.00,1575229.00,1647456.00,1176380.00,946163.00,1091648.00,705206.00,716546.00
040902,WHITEFACE CISD,3088508.00,955687.00,0.00,0.00,0.00,124692.00,0.00,0.00,13272.00,958625.00,527804.00,530285.00,1360239.00,2853882.00,4010573.00,4420658.00,3886416.00,4455401.00,5692546.00,6183776.00,5854259.00
110908,WHITHARRAL ISD,0.00,0.00,0.00,0.00,0.00,0.00,0.00,0.00,0.00,0.00,0.00,0.00,0.00,0.00,0.00,0.00,0.00,0.00,0.00,0.00,10018.00
180904,WILDORADO ISD,0.00,0.00,0.00,0.00,0.00,0.00,0.00,0.00,0.00,0.00,0.00,0.00,0.00,0.00,0.00,0.00,421803.00,0.00,0.00,0.00,0.00
105905,WIMBERLEY ISD,0.00,0.00,0.00,0.00,0.00,0.00,0.00,0.00,0.00,569604.00,1780979.00,2545713.00,3456140.00,3992952.00,3142096.00,4337411.00,1645079.00,2082796.00,2918103.00,2615736.00,2184891.00
248902,WINK-LOVING ISD,1112700.00,948424.00,277371.00,0.00,0.00,801003.00,501478.00,0.00,386035.00,1776174.00,1620973.00,2486211.00,5460566.00,8567143.00,8142198.00,11307831.00,9575630.00,9243356.00,8841414.00,8368134.00,8436135.00
229903,WOODVILLE ISD,0.00,0.00,0.00,0.00,0.00,0.00,0.00,0.00,0.00,0.00,0.00,0.00,0.00,0.00,0.00,0.00,432741.00,0.00,111326.00,0.00,0.00
221912,WYLIE ISD,0.00,0.00,0.00,0.00,0.00,0.00,0.00,0.00,0.00,0.00,0.00,0.00,0.00,0.00,0.00,0.00,0.00,0.00,93698.00,0.00,0.00
250905,YANTIS ISD,0.00,0.00,0.00,0.00,0.00,0.00,0.00,0.00,0.00,0.00,0.00,0.00,0.00,0.00,0.00,138178.00,28498.00,34906.00,65473.00,22467.00,61713.00
062904,YORKTOWN ISD,0.00,0.00,0.00,0.00,0.00,0.00,0.00,0.00,0.00,0.00,0.00,0.00,0.00,0.00,0.00,0.00,0.00,0.00,0.00,0.00,8684075.00
253901,ZAPATA COUNTY ISD,0.00,0.00,0.00,0.00,0.00,0.00,0.00,0.00,0.00,7316926.00,5084754.00,3470496.00,12324932.00,18505561.00,16308193.00,16511908.00,11117384.00,7899867.00,5127618.00,0.00,0.00
,,127275920.00,257542418.00,264289784.00,209329356.00,244894409.00,474134588.00,465505668.00,525577481.00,715611684.00,960081045.00,1056169952.00,1103976965.00,1299047313.00,1426669589.00,1137295059.00,1434339052.00,1064370847.00,1036861781.00,1085646144.00,1069761416.00,1206440359.00
,,,,,,,,,,,,,,,,,,,,,,